Table_Name,Column_Name
ScreeningApplicantGroup,apgID
ScreeningApplicantGroup,apgCount
ScreeningApplicantGroup,leadID
ScreeningApplicantGroup,codeDispositionCode
ScreeningApplicantGroup,atcID
ScreeningApplicantGroup,smodID
ScreeningApplicantGroup,apgMonthlyIncome
ScreeningApplicantGroup,apgOtherIncome
ScreeningApplicantGroup,apgRentObligation
ScreeningApplicantGroup,apgFinalBit
ScreeningApplicantGroup,apgDispositionModifyUser
ScreeningApplicantGroup,apgDispositionModifyDate
ScreeningApplicantGroup,apgConditionsAll
ScreeningApplicantGroup,codeDispositionCodeOverride
ScreeningApplicantGroup,apgDispositionModifyUserOverride
ScreeningApplicantGroup,apgDispositionModifyDateOverride
ScreeningApplicantGroup,apgExternalID
ScreeningApplicantGroup,apgDepositAmount
ScreeningApplicantGroup,apgLeaseTermMonths
ScreeningApplicantGroup,apgUnitID
ScreeningApplicantGroup,apgUnitName
ScreeningApplicantGroup,apgBuildingID
ScreeningApplicantGroup,apgBuildingName
ScreeningApplicantGroup,apgExternalScreeningID
ScreeningApplicantGroup,apgleaID
ScreeningApplicantGroup,MoveInDate
ScreeningApplicantGroup,TotalDeposit
ScreeningApplicantGroup,OSscrtFailScoreCount
ScreeningApplicantGroup,OSscrtPassScoreCount
ScreeningApplicantGroup,apgCustomTextID
ScreeningApplicantGroup,apgUseCustomText
ScreeningApplicantGroup,apgUsePmcLtrContact
ScreeningApplicantGroup,RECORDSTAMP
ScreeningApplicantGroup,apgStatus
ScreeningApplicantGroup,apgUsePmcSig
ScreeningApplicantGroup,apgCancelled
ScreeningApplicantGroup,apgRecommendationDate
ScreeningApplicantGroup,sagAALetterType
ScreeningApplicantGroup,apgRequestSource
ScreeningApplicantGroup,MoveOutDate
ScreeningApplicantGroup,apgCustomApprovalTextID
ScreeningApplicantGroup,apgUseCustomApprovalText
ScreeningApplicantGroup,SadID
ScreeningApplicantGroup,ScoreMode
ScreeningApplicantGroup,BureauSwap
ScreeningApplicantGroup,apgCustomConditionalTextID
ScreeningApplicantGroup,apgUseCustomConditionalText
ScreeningApplicantGroup,appStateID
ScreeningApplicantGroup,apgRentObligationNoTAX
ScreeningApplicantGroup,NumberOfBedrooms
ScreeningApplicantGroup,BureauSwapFileFreeze
ScreeningApplicantGroup,NumberOfBureausOn
ScreeningApplicantGroup,PMCBureauSwapEnabled
ScreeningApplicantGroup,IsMultiStepUsed
ScreeningApplicantGroup,OSSiteID
ScreeningApplicantGroup,Source
ScreeningApplicantGroup,ContinuedScreening
ScreeningApplicantGroup,apgMonthlyRentalVoucherAmount
ScreeningApplicantGroup,apgRentalVoucherUsedForScoring
AppScreeningResults,asrID
AppScreeningResults,resmID
AppScreeningResults,asrAppID
AppScreeningResults,asrSubmitDate
AppScreeningResults,CreateDate
AppScreeningResults,asrResultDate
AppScreeningResults,asrResult
AppScreeningResults,asrConditions
AppScreeningResults,asrAppGID
AppScreeningResults,asrCREmploymentStatus
AppScreeningResults,RECORDSTAMP
AppScreeningResults,rmlID
AppScreeningResults,CustomerID
AppScreeningResults,OSSiteID
AppScreeningResults,asrDeleted
ScreeningAsyncService,ID
ScreeningAsyncService,appID
ScreeningAsyncService,VendorID
ScreeningAsyncService,ProductID
ScreeningAsyncService,Product
ScreeningAsyncService,SubProduct
ScreeningAsyncService,Price
ScreeningAsyncService,FullPrice
ScreeningAsyncService,Misc
ScreeningAsyncService,Used
ScreeningAsyncService,DeclineEntireSearch
ScreeningAsyncService,isReplaced
ScreeningAsyncService,Required
ScreeningAsyncService,Allowed
ScreeningAsyncService,ModifyUser
ScreeningAsyncService,ModifyDate
ScreeningAsyncService,TransmitDate
ScreeningAsyncService,ReceiveDate
ScreeningAsyncService,ResultID
ScreeningAsyncService,RECORDSTAMP
ScreeningAsyncService,ResearchNotes
ScreeningAsyncService,TransactionID
ScreeningAsyncService,OSSiteID
ScreeningAsyncService,IsCancelled
ScreeningAsyncService,CancelledDate
ScreeningXGLog,LogID
ScreeningXGLog,RequestID
ScreeningXGLog,Status
ScreeningXGLog,ServiceName
ScreeningXGLog,ServiceNumber
ScreeningXGLog,SubService
ScreeningXGLog,ServiceMethod
ScreeningXGLog,AppID
ScreeningXGLog,AppGID
ScreeningXGLog,ExtSvcAccessed
ScreeningXGLog,StartTime
ScreeningXGLog,LastUpdate
ScreeningXGLog,ErrorXml
ScreeningXGLog,MiscDataXml
ScreeningXGLog,CreateTime
ScreeningXGLog,OSSiteID
ScreeningXGXml,ID
ScreeningXGXml,AppID
ScreeningXGXml,ServiceName
ScreeningXGXml,SubService
ScreeningXGXml,RawXml
ScreeningXGXml,FilterXml
ScreeningXGXml,Deleted
ScreeningXGXml,CreateDate
ScreeningXGXml,DeleteDate
ScreeningXGXml,RECORDSTAMP
ScreeningXGXml,OSSiteID
ScreeningActivityLog,actID
ScreeningActivityLog,apgID
ScreeningActivityLog,actDate
ScreeningActivityLog,codeActivityTypeCode
ScreeningActivityLog,actDescription
ScreeningActivityLog,actUserID
ScreeningActivityLog,Displaybit
ScreeningActivityLog,ModifyDate
ScreeningActivityLog,leaID
ScreeningActivityLog,RECORDSTAMP
ScreeningActivityLog,GuestcardID
ScreeningActivityLog,OSSiteID
ScreeningResult,rID
ScreeningResult,appID
ScreeningResult,apgID
ScreeningResult,AAScoreCount
ScreeningResult,AAScoreResultCode
ScreeningResult,CFScoreCount
ScreeningResult,CFScoreResultCode
ScreeningResult,CMScoreCount
ScreeningResult,CMScoreResultCode
ScreeningResult,CRScoreCount
ScreeningResult,CRScoreResultCode
ScreeningResult,CUScoreCount
ScreeningResult,CUScoreResultCode
ScreeningResult,DIScoreCount
ScreeningResult,DIScoreResultCode
ScreeningResult,EVScoreCount
ScreeningResult,EVScoreResultCode
ScreeningResult,ERScoreCount
ScreeningResult,ERScoreResultCode
ScreeningResult,TRScoreCount
ScreeningResult,TRScoreResultCode
ScreeningResult,RIScoreCount
ScreeningResult,RIScoreResultCode
ScreeningResult,SCScoreCount
ScreeningResult,SCScoreResultCode
ScreeningResult,TotalScoreCount
ScreeningResult,TotalScoreResultCode
ScreeningResult,TotalScoreApprovalCode
ScreeningResult,rScoreModifyUser
ScreeningResult,rScoreModifyDate
ScreeningResult,FIScoreCount
ScreeningResult,FIScoreNormalizedCount
ScreeningResult,FIScoreResultCode
ScreeningResult,CTScoreCount
ScreeningResult,CTScoreResultCode
ScreeningResult,UpperRentLimit
ScreeningResult,LowerRentLimit
ScreeningResult,CYScoreCount
ScreeningResult,CYScoreResultCode
ScreeningResult,UseCriminal
ScreeningResult,RHScoreCount
ScreeningResult,RHScoreResultCode
ScreeningResult,AAOSScore
ScreeningResult,DIOSScore
ScreeningResult,RIOSScore
ScreeningResult,RHOSScore
ScreeningResult,RHDispOSScore
ScreeningResult,RHDepRetScore
ScreeningResult,RHLRScore
ScreeningResult,RHLFScore
ScreeningResult,RHPNScore
ScreeningResult,RCScoreCount
ScreeningResult,RCScoreResultCode
ScreeningResult,RPScoreCount
ScreeningResult,RPScoreResultCode
ScreeningResult,LFScoreCount
ScreeningResult,LFScoreResultCode
ScreeningResult,DFScoreCount
ScreeningResult,DFScoreResultCode
ScreeningResult,RRScoreCount
ScreeningResult,RRScoreResultCode
ScreeningResult,RECORDSTAMP
ScreeningResult,CreditBureau
ScreeningResult,CreditAddrDiscrep
ScreeningResult,CreditFraudAlert
ScreeningResult,CreditFrozenFile
ScreeningResult,CreditThinFile
ScreeningResult,CreditInputFraud
ScreeningResult,CreditOFAC
ScreeningResult,CommonOSS
ScreeningResult,AutoFails
ScreeningResult,CSScoreCount
ScreeningResult,CSScoreResultCode
ScreeningResult,BCScoreCount
ScreeningResult,BCScoreResultCode
ScreeningResult,RHProviderScoreCount
ScreeningResult,RHProviderResultCode
ScreeningResult,EFScoreCount
ScreeningResult,EFScoreResultCode
ScreeningResult,EJScoreCount
ScreeningResult,EJScoreResultCode
ScreeningResult,EDScoreCount
ScreeningResult,EDScoreResultCode
ScreeningResult,PQScoreCount
ScreeningResult,PQScoreResultCode
ScreeningResult,ELScoreCount
ScreeningResult,ELScoreResultCode
ScreeningResult,PrequalResult
ScreeningResult,NoSSNResultCode
ScreeningResult,COScoreCount
ScreeningResult,COScoreResultCode
ScreeningResult,IncomeUsed
ScreeningResult,RentUsed
ScreeningResult,RTIWeight
ScreeningResult,DTIWeight
ScreeningResult,FICOWeight
ScreeningResult,TradesWeight
ScreeningResult,RHWeight
ScreeningResult,CQScoreCount
ScreeningResult,CQScoreResultCode
ScreeningResult,IAScoreCount
ScreeningResult,IAScoreResultCode
ScreeningResult,OSSiteID
ScreeningResult,FNScoreCount
ScreeningResult,FNScoreResultCode
ScreeningResult,RentalVoucherAmountUsed
ScreeningApplicantXML,appID
ScreeningApplicantXML,xmlTypeCode
ScreeningApplicantXML,xmlNode
ScreeningApplicantXML,xmlCreateDate
ScreeningApplicantXML,RECORDSTAMP
ScreeningApplicantXML,OSSiteID
ScreeningApplicant,appID
ScreeningApplicant,apgID
ScreeningApplicant,appSequence
ScreeningApplicant,codeAppStatusCode
ScreeningApplicant,appFirstName
ScreeningApplicant,appMiddleName
ScreeningApplicant,appLastName
ScreeningApplicant,codeGenerationCode
ScreeningApplicant,codeIDTypeCode
ScreeningApplicant,appIDState
ScreeningApplicant,appIDNumber
ScreeningApplicant,appSSN
ScreeningApplicant,appBirthDate
ScreeningApplicant,appEmailAddress
ScreeningApplicant,appStreetNumber
ScreeningApplicant,appDirectionName
ScreeningApplicant,appStreetName
ScreeningApplicant,appStreetType
ScreeningApplicant,appApartmentNumber
ScreeningApplicant,appCityName
ScreeningApplicant,appState
ScreeningApplicant,appZip
ScreeningApplicant,appPhone
ScreeningApplicant,appWorkPhone
ScreeningApplicant,appTransmitUserID
ScreeningApplicant,appTransmitDate
ScreeningApplicant,appFelonyBit
ScreeningApplicant,appEvictionBit
ScreeningApplicant,TransactionID
ScreeningApplicant,ConvertedBit
ScreeningApplicant,CreateUserID
ScreeningApplicant,LastUserID
ScreeningApplicant,CreateDate
ScreeningApplicant,ModifyDate
ScreeningApplicant,apphideDOB
ScreeningApplicant,apphideQuestions
ScreeningApplicant,appMonthlyIncome
ScreeningApplicant,appOtherIncome
ScreeningApplicant,appAssets
ScreeningApplicant,Cosigner
ScreeningApplicant,Employed
ScreeningApplicant,EmploymentType
ScreeningApplicant,BeenBonded
ScreeningApplicant,BondDeniedOrLoss
ScreeningApplicant,RECORDSTAMP
ScreeningApplicant,SSNHash
ScreeningApplicant,IDNumberHash
ScreeningApplicant,SSNSuffix
ScreeningApplicant,appCountry
ScreeningApplicant,appAddress1
ScreeningApplicant,appAddress2
ScreeningApplicant,codeGenderCode
ScreeningApplicant,appRecommendationDate
ScreeningApplicant,appDUNS
ScreeningApplicant,appBusiness
ScreeningApplicant,appAtcID
ScreeningApplicant,appSmodID
ScreeningApplicant,appExternalID
ScreeningApplicant,CreditOptimizerTier
ScreeningApplicant,CreditDOB
ScreeningApplicant,CosignerID
ScreeningApplicant,SadID
ScreeningApplicant,IsTestCase
ScreeningApplicant,BureauSwap
ScreeningApplicant,IsBillable
ScreeningApplicant,AppcbMiddleName
ScreeningApplicant,appStateID
ScreeningApplicant,AppbIDNotUse
ScreeningApplicant,ReprocessFlag
ScreeningApplicant,NoPrevAddr
ScreeningApplicant,IsNSORUsed
ScreeningApplicant,BureauSwapAttempts
ScreeningApplicant,BureauSwapFileFreeze
ScreeningApplicant,IncomeCondition
ScreeningApplicant,IncomeAlertsUsed
ScreeningApplicant,AppNoSSN
ScreeningApplicant,appHCountry
ScreeningApplicant,appMCountry
ScreeningApplicant,appCellPhone
ScreeningApplicant,OSSiteID
ScreeningApplicant,IsMultiStepCriminalRun
ScreeningApplicant,RRDCopyRequired
ScreeningApplicant,IsCAWAAAgreed
ScreeningApplicant,IsCAWAAOverridden
ScreeningApplicant,CAWAAOverrideReason
ScreeningApplicant,CAWAAOverrideReasonIndex
ScreeningApplicant,VerifiedIncomeOverriddenDate
ScreeningApplicant,appVerifiedMonthlyIncome
ScreeningApplicant,IsVerifiedIncomeUsedForScoring
ScreeningApplicant,IsVerifiedIncomeOverridden
ScreeningApplicant,IncomeOverrideReason
ScreeningScoringModel,smodID
ScreeningScoringModel,smodParentID
ScreeningScoringModel,smodRateName
ScreeningScoringModel,smodRateDescription
ScreeningScoringModel,smodDisplayBit
ScreeningScoringModel,smodTradelineDuration
ScreeningScoringModel,smodMedical
ScreeningScoringModel,smodStudentLoan
ScreeningScoringModel,smodBankruptcy
ScreeningScoringModel,smodRentalCollections
ScreeningScoringModel,smodRealPageBit
ScreeningScoringModel,LastUserID
ScreeningScoringModel,ModifyDate
ScreeningScoringModel,smodFraudAlertIgnore
ScreeningScoringModel,OccupancyLevel
ScreeningScoringModel,smodFIUThreshold
ScreeningScoringModel,smodFILThreshold
ScreeningScoringModel,smodAAUThreshold
ScreeningScoringModel,smodAALThreshold
ScreeningScoringModel,smodRIUThreshold
ScreeningScoringModel,smodRILThreshold
ScreeningScoringModel,smodDIUThreshold
ScreeningScoringModel,smodDILThreshold
ScreeningScoringModel,smodCTSensitivity
ScreeningScoringModel,smodFISensitivity
ScreeningScoringModel,smodAASensitivity
ScreeningScoringModel,smodRISensitivity
ScreeningScoringModel,smodDISensitivity
ScreeningScoringModel,smodScreeningVersion
ScreeningScoringModel,smodFIWeight
ScreeningScoringModel,smodAAWeight
ScreeningScoringModel,smodDIWeight
ScreeningScoringModel,smodRIWeight
ScreeningScoringModel,smodRHWeight
ScreeningScoringModel,smodRHSensitivity
ScreeningScoringModel,smodRHUThreshold
ScreeningScoringModel,smodRHLThreshold
ScreeningScoringModel,smodProgenID
ScreeningScoringModel,RECORDSTAMP
ScreeningScoringModel,smodBankruptcyDuration
ScreeningScoringModel,smodPublicDuration
ScreeningScoringModel,oonLimit
ScreeningScoringModel,UseOONLimit
ScreeningScoringModel,smodUtility
ScreeningScoringModel,smodUtilityDuration
ScreeningScoringModel,UseAutoFailRTI
ScreeningScoringModel,AutoFailRTIPercent
ScreeningScoringModel,OONOnly
ScreeningScoringModel,smodUseAutoFailCollections
ScreeningScoringModel,smodAutoFailCollectionsPWC
ScreeningScoringModel,smodAutoFailCollectionsFail
ScreeningScoringModel,smodNonConvictions
ScreeningScoringModel,smodExclude0RC
ScreeningScoringModel,smodUseForclosureIgnore
ScreeningScoringModel,smodUseASForclosure
ScreeningScoringModel,smodAutoScoreForclosure
ScreeningScoringModel,smodForclosureDuration
ScreeningScoringModel,smodOONState1
ScreeningScoringModel,smodOONCounty1
ScreeningScoringModel,smodOONState2
ScreeningScoringModel,smodOONCounty2
ScreeningScoringModel,smodOONState3
ScreeningScoringModel,smodOONCounty3
ScreeningScoringModel,smodUseAutoFailTaxLien
ScreeningScoringModel,smodExclude0TL
ScreeningScoringModel,smodUseAutoFailJudgment
ScreeningScoringModel,smodExclude0JG
ScreeningScoringModel,smodExclude0UT
ScreeningScoringModel,UseBusinessDays
ScreeningScoringModel,smodBusinessDays
ScreeningScoringModel,SadID
ScreeningScoringModel,UseOONForceAppAddr
ScreeningScoringModel,OSSiteID
ScreeningServiceLog,svcLogID
ScreeningServiceLog,svcTransactionID
ScreeningServiceLog,svcApgID
ScreeningServiceLog,svcID
ScreeningServiceLog,svcEntityID
ScreeningServiceLog,svcSiteID
ScreeningServiceLog,svcService
ScreeningServiceLog,svcStatus
ScreeningServiceLog,svcStart
ScreeningServiceLog,svcEntry
ScreeningServiceLog,svcExit
ScreeningServiceLog,svcFinish
ScreeningServiceLog,svcInsertDate
ScreeningServiceLog,svcModifyDate
ScreeningServiceLog,svcUserID
ScreeningServiceLog,svcTimeOut
ScreeningServiceLog,RECORDSTAMP
ScreeningServiceLog,OSSiteID
ScreeningXGLetterJournal,ljID
ScreeningXGLetterJournal,xmlID
ScreeningXGLetterJournal,decID
ScreeningXGLetterJournal,ltID
ScreeningXGLetterJournal,actionID
ScreeningXGLetterJournal,ljLetterLang
ScreeningXGLetterJournal,ljCreateDT
ScreeningXGLetterJournal,ljCreateUID
ScreeningXGLetterJournal,OSSiteID
ScreeningXGDecision,decID
ScreeningXGDecision,dtID
ScreeningXGDecision,apgID
ScreeningXGDecision,parentID
ScreeningXGDecision,actID
ScreeningXGDecision,decCode
ScreeningXGDecision,decDeposit
ScreeningXGDecision,createDate
ScreeningXGDecision,createUser
ScreeningXGDecision,updateDate
ScreeningXGDecision,updateUser
ScreeningXGDecision,active
ScreeningXGDecision,autoDecision
ScreeningXGDecision,decFee
ScreeningXGDecision,OSSiteID
ScreeningXGLetterAction,actionID
ScreeningXGLetterAction,actionName
ScreeningXGLetterAction,actionDescription
ScreeningXGLetterAction,actionActive
ScreeningXGLetterAction,OSSiteID
ScreeningXGCriminalMatchRecords,LogID
ScreeningXGCriminalMatchRecords,ApgID
ScreeningXGCriminalMatchRecords,AppId
ScreeningXGCriminalMatchRecords,OffenderID
ScreeningXGCriminalMatchRecords,FName
ScreeningXGCriminalMatchRecords,MName
ScreeningXGCriminalMatchRecords,LName
ScreeningXGCriminalMatchRecords,BirthDate
ScreeningXGCriminalMatchRecords,FNameCode
ScreeningXGCriminalMatchRecords,MNameCode
ScreeningXGCriminalMatchRecords,DOBCode
ScreeningXGCriminalMatchRecords,ProcessedLastName
ScreeningXGCriminalMatchRecords,ProcessedNameType
ScreeningXGCriminalMatchRecords,SourceTable
ScreeningXGCriminalMatchRecords,RecSup
ScreeningXGCriminalMatchRecords,RecUnSup
ScreeningXGCriminalMatchRecords,Undisputed
ScreeningXGCriminalMatchRecords,Score
ScreeningXGCriminalMatchRecords,ProbabilityMatch
ScreeningXGCriminalMatchRecords,BF_FName_RecSup
ScreeningXGCriminalMatchRecords,BF_FName_RecUnSup
ScreeningXGCriminalMatchRecords,BF_MName_RecSup
ScreeningXGCriminalMatchRecords,BF_MName_RecUnSup
ScreeningXGCriminalMatchRecords,BF_LName_RecSup
ScreeningXGCriminalMatchRecords,BF_LName_RecUnSup
ScreeningXGCriminalMatchRecords,BF_DOB_RecSup
ScreeningXGCriminalMatchRecords,BF_DOB_RecUnSup
ScreeningXGCriminalMatchRecords,BF_SourceTable_RecSup
ScreeningXGCriminalMatchRecords,BF_SourceTable_RecUnSup
ScreeningXGCriminalMatchRecords,CreateDate
ScreeningXGCriminalMatchRecords,OSSiteID
ScreeningXGDecisionType,dtID
ScreeningXGDecisionType,dtName
ScreeningXGDecisionType,dtDescription
ScreeningXGDecisionType,dtActive
ScreeningXGDecisionType,OSSiteID
ScreeningCriminalCategory,ccatID
ScreeningCriminalCategory,ccatRealpageBit
ScreeningCriminalCategory,ccatUsed
ScreeningCriminalCategory,ccatDisplayBit
ScreeningCriminalCategory,ccatName
ScreeningCriminalCategory,ccatDesc
ScreeningCriminalCategory,CreateUser
ScreeningCriminalCategory,CreateDate
ScreeningCriminalCategory,ModifyUser
ScreeningCriminalCategory,ModifyDate
ScreeningCriminalCategory,ccatParentID
ScreeningCriminalCategory,ccatRootParentID
ScreeningCriminalCategory,RECORDSTAMP
ScreeningCriminalCategory,ccatAutoCategory
ScreeningCriminalCategory,SCC_ID
ScreeningCriminalCategory,OSSiteID
ScreeningResubmit,srID
ScreeningResubmit,srType
ScreeningResubmit,srValue
ScreeningResubmit,srResubmit
ScreeningResubmit,srSwap
ScreeningResubmit,RECORDSTAMP
ScreeningResubmit,OSSiteID
ScreeningApplicantExtraXML,ID
ScreeningApplicantExtraXML,appID
ScreeningApplicantExtraXML,xmlTypeCode
ScreeningApplicantExtraXML,extraID
ScreeningApplicantExtraXML,xmlNode
ScreeningApplicantExtraXML,xmlCreateDate
ScreeningApplicantExtraXML,RECORDSTAMP
ScreeningApplicantExtraXML,OSSiteID
ScreeningSubmitLog,sslLogID
ScreeningSubmitLog,sslEntID
ScreeningSubmitLog,sslSiteID
ScreeningSubmitLog,sslUserID
ScreeningSubmitLog,sslTransactionID
ScreeningSubmitLog,sslApgID
ScreeningSubmitLog,sslService
ScreeningSubmitLog,sslTimeOut
ScreeningSubmitLog,sslStart
ScreeningSubmitLog,sslFinish
ScreeningSubmitLog,sslStatus
ScreeningSubmitLog,sslInsertDate
ScreeningSubmitLog,sslReason
ScreeningSubmitLog,RECORDSTAMP
ScreeningSubmitLog,OSSiteID
ScreeningServices,ID
ScreeningServices,ShortName
ScreeningServices,Name
ScreeningServices,CreatedDate
ScreeningServices,CreatedUserName
ScreeningServices,OSSiteID
ScreeningApplicantOverrideInfo,ID
ScreeningApplicantOverrideInfo,AppID
ScreeningApplicantOverrideInfo,AppGID
ScreeningApplicantOverrideInfo,ServiceId
ScreeningApplicantOverrideInfo,IsOverridden
ScreeningApplicantOverrideInfo,Reason
ScreeningApplicantOverrideInfo,CreatedDate
ScreeningApplicantOverrideInfo,CreatedUserName
ScreeningApplicantOverrideInfo,OSSiteID
ScreeningApplicantOverrideInfo,ScreeningServiceInfoID
ScreeningServiceInfo,ID
ScreeningServiceInfo,AppID
ScreeningServiceInfo,AppGID
ScreeningServiceInfo,ResmID
ScreeningServiceInfo,CustomerID
ScreeningServiceInfo,LeaseID
ScreeningServiceInfo,ConsumerID
ScreeningServiceInfo,TransactionID
ScreeningServiceInfo,ServiceName
ScreeningServiceInfo,ServiceStatus
ScreeningServiceInfo,ServiceResults
ScreeningServiceInfo,CreatedDate
ScreeningServiceInfo,CreatedUserName
ScreeningServiceInfo,ModifiedDate
ScreeningServiceInfo,ModifiedUserName
ScreeningServiceInfo,RecordStamp
ScreeningServiceInfo,OSSiteID
ScreeningServiceInfo,PreviousServiceResults
ScreeningServiceInfo,RetryCount
screeningapplicant,appID
screeningapplicant,apgID
screeningapplicant,appSequence
screeningapplicant,codeAppStatusCode
screeningapplicant,appFirstName
screeningapplicant,appMiddleName
screeningapplicant,appLastName
screeningapplicant,codeGenerationCode
screeningapplicant,codeIDTypeCode
screeningapplicant,appIDState
screeningapplicant,appIDNumber
screeningapplicant,appSSN
screeningapplicant,appBirthDate
screeningapplicant,appEmailAddress
screeningapplicant,appStreetNumber
screeningapplicant,appDirectionName
screeningapplicant,appStreetName
screeningapplicant,appStreetType
screeningapplicant,appApartmentNumber
screeningapplicant,appCityName
screeningapplicant,appState
screeningapplicant,appZip
screeningapplicant,appPhone
screeningapplicant,appWorkPhone
screeningapplicant,appTransmitUserID
screeningapplicant,appTransmitDate
screeningapplicant,appFelonyBit
screeningapplicant,appEvictionBit
screeningapplicant,TransactionID
screeningapplicant,ConvertedBit
screeningapplicant,CreateUserID
screeningapplicant,LastUserID
screeningapplicant,CreateDate
screeningapplicant,ModifyDate
screeningapplicant,apphideDOB
screeningapplicant,apphideQuestions
screeningapplicant,appMonthlyIncome
screeningapplicant,appOtherIncome
screeningapplicant,appAssets
screeningapplicant,Cosigner
screeningapplicant,Employed
screeningapplicant,EmploymentType
screeningapplicant,BeenBonded
screeningapplicant,BondDeniedOrLoss
screeningapplicant,RECORDSTAMP
screeningapplicant,SSNHash
screeningapplicant,IDNumberHash
screeningapplicant,SSNSuffix
screeningapplicant,appCountry
screeningapplicant,appAddress1
screeningapplicant,appAddress2
screeningapplicant,codeGenderCode
screeningapplicant,appRecommendationDate
screeningapplicant,appDUNS
screeningapplicant,appBusiness
screeningapplicant,appAtcID
screeningapplicant,appSmodID
screeningapplicant,appExternalID
screeningapplicant,CreditOptimizerTier
screeningapplicant,CreditDOB
screeningapplicant,CosignerID
screeningapplicant,SadID
screeningapplicant,IsTestCase
screeningapplicant,BureauSwap
screeningapplicant,IsBillableApp
screeningapplicant,cbMiddleName
screeningapplicant,appStateID
screeningapplicant,AppbID
screeningapplicant,NotUseReprocessFlag
screeningapplicant,NoPrevAddr
screeningapplicant,IsNSORUsed
screeningapplicant,BureauSwapAttempts
screeningapplicant,BureauSwapFileFreeze
screeningapplicant,IncomeCondition
screeningapplicant,IncomeAlertsUsed
screeningapplicant,AppNoSSN
screeningapplicant,appHCountry
screeningapplicant,appMCountry
screeningapplicant,appCellPhone
screeningapplicant,OSSiteID
screeningapplicant,IsMultiStep
screeningapplicant,CriminalRun
screeningapplicant,RRDCopyRequired
screeningapplicant,IsCAWAAAgreed
screeningapplicant,IsCAWAAOverridden
screeningapplicant,CAWAAOverrideReason
screeningapplicant,CAWAAOverrideReasonIndex
screeningapplicant,VerifiedIncome
screeningapplicant,OverriddenDate
screeningapplicant,appVerifiedMonthlyIncome
screeningapplicant,IsVerifiedIncomeUsedForScoring
screeningapplicant,IsVerifiedIncomeOverridden
screeningapplicant,IncomeOverrideReason